STATUS_Label,Immediate Recall,Delayed Recall,Hot Flash Count,Hot Flash Bother,Night Sweat Count,Night Sweat Bother,Cold Sweat Count,Cold Sweat Bother,Financial Strain,Income Discrimination
Early Peri,69.69999999999999,69.69999999999999,93.7,93.7,94.89999999999999,94.89999999999999,98.8,98.8,77.8,77.7
Late Peri,48.9,48.9,76.6,76.4,84.1,84.1,95.89999999999999,95.8,52.400000000000006,80.80000000000001
Post-menopause,37.6,37.7,65.2,65.0,75.4,75.2,92.9,92.80000000000001,23.200000000000003,84.39999999999999
Pre-menopause,90.10000000000001,90.10000000000001,99.3,99.3,99.1,99.1,100.0,100.0,94.89999999999999,82.39999999999999
Surgical,43.4,43.4,69.89999999999999,69.1,78.60000000000001,78.4,91.7,91.5,35.3,81.10000000000001
