Predictor,Cognitive Function,Emotional Wellbeing,Social Health
Emotional Wellbeing,-0.19753478489618317,,1.2595541865859885
Langcog,-0.20169110547057878,0.004369428955383587,0.009617384150201058
Social Health,-0.04186026240810232,0.1824406076110036,
Social Support,0.1734436113235829,-0.020141071367276574,-0.142975111088521
Status,0.01376981755779703,0.005249679203466657,-0.01075341842964467
Symptom Severity,-0.07614544200142792,0.06662964704320538,0.24537586528032104
Time Centered,0.0425298058939698,0.0016473444399390787,-0.004504689321057034
